原始问题,原始答案,问题分类
什么是车票实名制管理？,车票实名购买和实名查验统称为车票实名制管理。车票实名购买，是指购票人凭乘车人的有效身份证件购买车票，铁路运输企业凭乘车人的有效身份证件销售车票，并记录旅客身份信息和购票信息的行为；车票实名查验，是指铁路运输企业对实行车票实名购买的车票记载的身份信息与乘车人及其有效身份证件进行一致性核对，并记录旅客乘车信息的行为。,证件/实名制
实行车票实名制时可以使用哪些身份证件？,有效身份证件包括：中华人民共和国居民身份证（含中华人民共和国临时居民身份证），居民户口簿，中华人民共和国护照，中华人民共和国出入境通行证，中华人民共和国旅行证，新生儿出生医学证明，军官证、警官证、文职干部证、义务兵证、士官证、军士证、警士证、文职人员证，海员证，以及公安机关出具的临时乘车身份证明；中华人民共和国港澳居民居住证，中华人民共和国台湾居民居住证，港澳居民来往内地通行证，往来港澳通行证，大陆居民往来台湾通行证，台湾居民来往大陆通行证；外国人永久居留身份证，外国人护照，外国人出入境证，公安机关出具的外国人签证证件受理回执、护照报失证明，各国驻华使领馆签发的临时性国际旅行证件（应当附具公安机关签发的有效签证或者停留证件）。,证件/实名制
哪些证件可自动识读进站？,使用中华人民共和国居民身份证、港澳居民居住证、台湾居民居住证、外国人永久居留身份证，港澳居民来往内地通行证，台湾居民来往大陆通行证等可识读证件购票的旅客，凭购票时所使用的有效身份证件原件，可通过实名制核验、检票闸机自助完成实名制验证、进出站检票手续。使用其他证件购票的旅客，凭购票时所使用的有效身份证件原件，通过人工通道完成实名制验证、进出站检票手续。,证件/实名制
如何办理乘坐旅客列车临时身份证明？,旅客购票时或购票后、乘车前因有效身份证件未携带、丢失等原因无法出示有效证件时，可以至车站铁路公安制证口办理乘坐旅客列车临时身份证明（中国居民身份证类型旅客可在铁路12306 APP上申请电子临时乘车身份证明）。乘坐旅客列车临时身份证明仅供旅客购票、退票、改签、实名制核验、检票以及乘车使用，请妥善保管。,证件/实名制
什么是联程车票？,旅客分段购买的，出发地至目的地间可联程接续的多段车票；前段车票到站与后段车票发站应为同一或同城铁路客运营业站，且前段车票到站时间与后段车票开车时间间隔不超过24小时。,其他
去哪里可以购买车票？,请到铁路运输企业或其销售代理人的售票处购买火车票。目前，铁路部门提供以下方式：铁路售票窗口，指铁路车站售票处和铁路客票代售点。铁路车站或指定场所设置的自动售票机。www.12306.cn网站和手机客户端。电话订票。在已经开通电话订票业务的地区，旅客可以先通过电话预订车票，再按规定时间到指定地点支付。在开通铁路乘车卡（如铁路e卡通、中铁银通卡、广深铁路牡丹信用卡等）的线路上，旅客可以在申购卡后，持卡进站、乘车。www.12306.cn是中国铁路客户服务中心官方网站，如通过其他网站办理客票业务出现问题，铁路部门将不予受理。,购票方式
如何购买优待（惠）车票？,购买儿童优惠票、学生优惠票、残疾军人（持中华人民共和国残疾军人证、中华人民共和国伤残人民警察证、国家综合性消防救援队伍残疾人员证的人员）优待票、残疾人专用票额车票时，要符合规定的优惠（待）条件，并请提供相关凭证（证明）。,购票方式
车票有效期是如何规定的？,除有效期有其他规定的车票外，车票当日当次有效。,其他
为什么有“硬卧代硬座”、“软卧代软座”“ 卧代二等座”车票?,为充分发挥铁路运输能力，满足旅客出行需求，部分列车的软、硬卧代作软座（二等座）、硬座使用。,其他
什么是中铁银通卡？,中铁银通卡是由中铁银通支付有限公司发行的双介质预付卡，可在指定线路上直接刷卡检票乘车，也可以作为普通银行卡用于购票付款。更多信息，请拨打中铁银通公司客户服务热线：4008-368-368。,其他
什么是广深铁路牡丹信用卡？,广深铁路牡丹信用卡是广深铁路股份公司与中国工商银行联合推出的双介质信用卡，可以在广深线直接刷卡检票乘坐动车组列车，也可以作为普通信用卡使用。,其他
行程信息提示如何打印？,旅客通过12306.cn网站购票后，可通过网站自行打印或下载“行程信息提示”，也可在车站指定窗口或自动售票机打印。,其他
如何开具铁路电子发票？,铁路全面推广使用电子发票（铁路电子客票），如需报销开具发票，可通过中国铁路12306网站（含12306移动端）或车站售票窗口（不含客票代售点）、自动售票机申请开具本人已购车票以及退票费、改签费的铁路电子发票。购票后，可在行程结束之日起180日内办理；退票、改签业务成功后，可在办理之日起180日内办理。铁路电子发票可以多次下载。,发票/报销
乘车人如何开具铁路电子发票？,乘车人使用中华人民共和国居民身份证 (含中华人民共和国临时居民身份证)、中华人民共和国护照、中华人民共和国港澳居民居住证、中华人民共和国台湾居民居住证、港澳居民来往内地通行证、台湾居民来往大陆通行证、外国人永久居留身份证、外国人护照办理购票、 退票、改签的，可登录12306网站开具铁路电子发票。乘车人也可凭购票时使用的本人有效身份证件在车站售票窗口申请开具铁路电子发票，由车站售票窗口为乘车人提供“扫码开票单”；或由乘车人凭购票时使用的有效身份证件通过自动售票机自行打印 “扫码开票单”。乘车人通过12306移动端扫描“扫码开票单”上的二维码，补全相关核验信息后开具铁路电子发票。,发票/报销
购票人（代办人）如何开具铁路电子发票？,购票人通过12306网站购票或办理退票、改签的，可凭乘车人购票时使用的有效身份证件到车站售票窗口申请开具铁路电子发票，由车站售票窗口提供“扫码开票单”；无法提供乘车人有效身份证件时，也可凭订单号、购票人有效身份证件到车站售票窗口提出申请。购票人通过12306移动端扫描“扫码开票单”上的二维码，补全相关核验信息后开具铁路电子发票。购票人通过车站售票窗口购票且需开具发票的，应当场凭乘车人有效身份证件申请开具；无法提供乘车人有效身份证件时，应在当场凭购票人有效身份证件申请开具；车站售票窗口提供所购车票的 “扫码开票单”。代办人通过车站售票窗口退票、改签后需开具发票的，应当场凭乘车人有效身份证件申请开具退票费、改签费的铁路电子发票，车站售票窗口提供“扫码开票单”。购票人 (代办人) 通过12306移动端扫描“扫码开票单”上的二维码，补全相关核验信息后开具铁路电子发票。,购票方式
在售票窗口购买实名制车票时，可以使用哪些身份证件？,通过车站售票窗口、铁路车票销售代理人的售票处购票或列车上购票、补票时，可以使用的有效身份证件包括：中华人民共和国居民身份证（含中华人民共和国临时居民身份证），居民户口簿，中华人民共和国护照，中华人民共和国出入境通行证，中华人民共和国旅行证，新生儿出生医学证明，军官证、警官证、文职干部证、义务兵证、士官证、军士证、警士证、文职人员证，海员证，以及公安机关出具的临时乘车身份证明；中华人民共和国港澳居民居住证，中华人民共和国台湾居民居住证，港澳居民来往内地通行证，往来港澳通行证，大陆居民往来台湾通行证，台湾居民来往大陆通行证；外国人永久居留身份证，外国人护照，外国人出入境证，公安机关出具的外国人签证证件受理回执、护照报失证明，各国驻华使领馆签发的临时性国际旅行证件（应当附具公安机关签发的有效签证或者停留证件）。,证件/实名制
我可以帮别人购买车票吗？,可以，凭乘车人有效身份证件购买车票。,购票方式
在乘降所（无人售票的车站）如何购票？,在乘降所（无人售票的车站）上车时，可以在列车上购票，但最远至本次列车终点站，不收手续费。,购票方式
在铁路售票窗口购买火车票时，如何支付票款？,在铁路售票窗口购票时，可以使用现金、微信、支付宝、POS机收单行的银行卡或带有银联标识的各种银行卡支付票款。一笔交易的全部票款请使用一张银行卡支付。,购票方式
旅客在售票窗口购票时需要注意什么？,旅客付款时，请当场认真核对票款。当场发现票款有误时，请立即向售票人员提出。,购票方式
在自动售票机购买火车票时，可以使用哪些证件？,通过自动售票机购票时，可以使用的有效身份证件包括：中华人民共和国居民身份证，中华人民共和国护照，中华人民共和国港澳居民居住证，中华人民共和国台湾居民居住证，港澳居民来往内地通行证，台湾居民来往大陆通行证，外国人永久居留身份证。,证件/实名制
在自动售票机购买火车票时，可以购买什么票？,在自动售票机，可以购买全价票、儿童优惠票、学生优惠票、残疾军人优待票等。学生旅客进站前应到车站指定售票窗口或自动售/取票机办理一次本人居民身份证件与学生优惠卡的核验手续（学生优惠票需每学年乘车前办理一次），通过后可凭居民身份证件自助办理实名制验证和进出站检票。,购票方式
在自动售票机购买火车票时，如何支付票款？,在自动售票机，可以使用现金或自动售票机上标识的银行所发行的银行卡，以及带银联标识的其他银行借记卡和预付卡（不含信用卡）支付票款。,购票方式
在自动售票机购买火车票时，对现金支付有何要求？,购票后，请及时取回找零款或银行卡。,购票方式
铁路订票电话是什么？,全国铁路电话订票号码为区号+95105105。,其他
电话订票，可以买哪些车票？,通过电话订票，可以购买全价票，儿童优惠票，学生优惠票、残疾军人优待票。,其他
什么时候可以电话订票？,电话订票系统开放时间为每日5:00-23:00，可预订第4天（含第4天）至预售期内的车票。,其他
电话订票时，可以使用哪些身份证件？,通过订票电话购票时，可以使用的有效身份证件包括：中华人民共和国居民身份证（含中华人民共和国临时居民身份证），中华人民共和国护照；中华人民共和国港澳居民居住证，中华人民共和国台湾居民居住证，港澳居民来往内地通行证，台湾居民来往大陆通行证；外国人永久居留身份证，外国人护照。,证件/实名制
电话订票时，什么时候支付票款？,在当日12点前电话订票成功的，必须在次日12点前支付；当日12点以后电话订票成功的，必须在次日24点前支付。凭电话订票系统提供的订单号、乘车人的有效身份证件原件，到全路任一车站售票窗口或铁路客票代售点办理支付。,其他
电话订票能否在12306.cn网站查询、支付？,电话订票系统与互联网售票系统，目前是相互独立的系统，12306.cn网站暂不提供电话订票信息查询、支付等服务,12306平台
12306.cn网站提供哪些服务？,12306网站提供旅客列车时刻表、余票、票价、正晚点、规章制度等客运信息查询，办理网络购票、网络改签、候补购票、变更到站、网络退票等业务。,12306平台
12306.cn网站注册规定？,在12306网站购票，必须实名注册为网站用户。注册时按12306网站页面提示要求填写相关信息。,12306平台
12306.cn网站如何找回密码？,在登录界面，点击“忘记密码”，可按页面流程通过人脸识别、注册时通过核验的手机号码或邮箱地址找回密码，建议您设置的本网站密码与其他网站不同，请妥善保管密码。铁路12306 App用户可设置指纹登录。,12306平台
12306.cn网站是全天服务吗？,12306.cn网站全天提供信息查询及退票服务，每日5:00至次日1:00（周二为5:00至24:00）提供售票改签服务。,12306平台
12306.cn网站可以买哪些票？,在12306.cn网站，可以购买铁路客票系统发售的全价票、儿童优惠票、学生优惠票、残疾军人优待票（持中华人民共和国残疾军人证、中华人民共和国伤残人民警察证、国家综合性消防救援队伍残疾人员证的人员）四种各车次、各席别的车票。,12306平台
在12306网站可以使用哪些身份证件？,通过12306网站购票时，可以使用的有效身份证件包括：中华人民共和国居民身份证（含中华人民共和国临时居民身份证），中华人民共和国护照；中华人民共和国港澳居民居住证，中华人民共和国台湾居民居住证，港澳居民来往内地通行证，台湾居民来往大陆通行证；外国人永久居留身份证，外国人护照。,证件/实名制
一张有效身份证件同一乘车日期同一车次是否可以购买多张车票？,一张有效身份证件同一乘车日期同一车次只能购买一张车票，高铁动卧列车除外。,证件/实名制
我可以在12306网站帮朋友买票吗？,12306.cn网站提示身份信息核验状态为“已通过”、“预通过”的注册用户均可以为自己或他人购票。登录后，请将您的朋友添加为乘车人，准确输入其姓名、有效身份证件类型和号码，12306.cn网站提示其身份信息核验状态为“已通过”、“预通过”、 持外国护照注册状态为“待核验”的，即可按12306.cn网站的相应提示操作购票。持外国护照注册状态“已通过”、“预通过”和“待核验”的注册用户，仅可为“已通过”、“预通过”港澳居民来往内地通行证、台湾居民来往大陆通行证的乘车人购票；可为“已通过”、“预通过”、 “待核验”的持外国护照的乘车人购票。,购票方式
12306.cn网站如何进行手机双向核验及相关注意事项？,为了保护您的信息安全，便于今后为您服务，请按以下步骤进行手机双向核验:用注册手机号编辑短信“999”发送至12306，以便确认您的手机可以联络。12306接到您的短信后将回复六位数字短信，请您在十分钟内将六位数字短信填写在注册界面空白框中，点击“完成注册”按钮。一个用户一天可以获取三次手机核验的短信验证码。手机核验通过的用户方能在12306网站办理邮箱修改、密码修改等业务。,12306平台
12306.cn网站乘车人如何进行手机核验及相关注意事项？,购票人填写乘车人手机号码后，将系统显示的动态验证码8位数字告知乘车人（30分钟内有效），由乘车人使用该手机号码将动态验证码发送至“12306”。系统收到该信息后确认核验完成。,12306平台
12306.cn网站怎样辨别网络购票的是“无座”车票？,购买车票时，在“确认订单”页面提示“您所购车次的硬座已售完，系统自动为您分配了无座票。”同时在“订单信息”页面中“席位号”显示为“无座”字样，表明您购买的硬座车票是无座。,购票方式
12306网站可以使用哪些在线支付工具？,目前，12306网站支持以下在线支付工具：开通工商银行、农业银行、中国银行、招商银行、建设银行、邮储银行和交通银行网银账户的用户，可以直接使用银行网银支付。开通其他银行网银账户的用户，可以使用银联网银支付未开通网银账户的用户，可以使用银联快捷支付。用户可以使用支付宝、微信支付。同一订单请使用一个在线支付工具一次性支付。,12306平台
12306.cn网站在线支付票款有时间要求吗？,在12306.cn网站申请到席位后，请在网站提示的支付时间内，在线支付票款，否则将取消席位。,12306平台
如何知道购票成功？,"12306.cn网站在用户购票成功后，跳转到“订票成功”页面以提示用户，并将订单信息自动保存在用户“我的订单”中，同时向用户注册时提供的邮箱发送邮件通知、向用户在""通知设置""中选择的通知渠道发送通知信息，请及时查询。",购票方式
12306.cn网站购票多次未支付或取消订单，系统将该用户锁闭怎么办？,对一天内未支付或取消订单合计超过3次的用户（包含无座票时取消5次计为取消1次），系统将限制其使用，请您第二天再尝试购票。在此期间不能再使用此用户名购票，请您换一个用户名或使用其他证件重新注册后再购票。,购票方式
在12306.cn网站购票后是否可以异地乘车？,在12306.cn网站购票后，可以到车票票面载明的发站乘车，也可以在中途站乘车。,购票方式
哪些旅客可以进行候补购票？,12306网站的所有注册用户均可自愿申请获得该项服务。为了确保用户的真实性，防止出现冒用他人身份信息注册用户进行囤票的行为，在申请候补购票前，用户需进行人证一致性核验，核验方法可参见12306网站操作说明。目前已通过人证一致性核验的用户及激活的“铁路畅行”会员，可自动获得该项服务。,购票方式
候补车票的兑现规则有哪些？,候补订单的提交时间与12306网站（含手机客户端）运营时间一致；候补订单的兑现时间为24小时兑现；候补终止时间不晚于开车前20分钟。您可在提交候补订单时自主设定终止兑现时间，也可在提交候补订单后随时修改和主动终止兑现。（均不晚于最晚终止时间）,其他
候补订单提交是否越早越好？能否部分兑现？,系统根据用户提交的订票需求兑现候补车票时，原则上按照订单生效的时间顺序进行，同一候补需求不进行部分兑现。,其他
候补车票订单如何支付？,候补购票需预付款，按订单不同组合需求中票款的最高额度计算（卧铺按下铺票价计算）。候补购票预付款支付成功后，系统将持续尝试为您兑现候补需求，若有匹配需求的车票，系统将自动为您生成已支付订单，预付款大于实际票款的，系统将自动退回差额票款；若无法满足您需求的席位，将在截止兑现时间自动终止兑现，用户主动终止或系统自动终止候补的，系统自动原额退还预付款。,其他
已支付成功的候补订单是否可以修改？,候补订单提交成功后需在系统提示时间内完成支付，完成候补预付款支付后，候补购票订单立即生效。候补购票订单生效后，除截止兑现时间可以修改，其它相关候补需求不可修改，如需变更，可终止订单后重新操作。,其他
候补订单兑现成功、兑现失败、自动退单时以何种方式提醒旅客？,请登录12306及时查询候补订单状态，候补兑现结果以订单查询结果为准。候补订单兑现成功、兑现失败、自动退单时均通过用户选择的通知渠道（短信、微信或支付宝）推送通知消息。推送消息的同时，也会发送邮件通知（用户邮箱须激活）。,其他
购买火车票为什么需要预留乘车人联系方式？,根据《铁路旅客运输规程》规定，购票人应当向铁路运输企业提供乘车人真实有效的联系方式。,购票方式
如何预留乘车人联系方式？,可通过12306网站、“铁路12306”手机客户端、车站售票窗口、代售处、自动售票机以及“铁路12306”微信公众号/微信小程序/支付宝小程序等渠道预留乘车人联系方式。,乘车/进站
没有手机的旅客如何预留联系方式？,未成年人、老年人等重点旅客以及无手机的旅客可提供通过核验的监护人或亲友手机号码；港澳台旅客、外籍旅客可提供通过核验的电子邮箱。,12306平台
手机号码关联证件数量达到上限后无法再核验使用的如何进行解绑？,可通过“铁路12306”手机客户端、车站售票窗口、代售处、自动售票机以及“铁路12306”微信公众号/微信小程序/支付宝小程序等渠道进行解绑，或联系12306客服协助处理。,证件/实名制
什么是改签？,旅客变更乘车日期、时间、车次、席位、席别和到站时需办理的签证手续。铁路部门提醒旅客，改签以铁路有运输能力（即可售车票）为前提，旅客可办理一次改签。旅客在变更旅行计划前，请通过12306网站、12306客服电话、车票售票窗口显示屏等方式查询拟乘坐的列车是否有足够余票，避免到时因没有余票不能改签而影响行程。,退票/改签
车票改签的途径有哪些？,旅客可在车站售票窗口、12306网站和具备改签功能的自动售票机办理改签。凭各种有效身份证件购买的车票均可在车站售票窗口办理改签，但已打印报销凭证的和使用现金支付方式购买的车票，仅可在车站售票窗口办理改签；凭12306网站购票证件且使用电子支付方式购买的车票，可通过12306网站办理改签；在具备改签功能的自动售票机办理改签时，应按系统提示办理。,退票/改签
如何办理车票改签？,旅客可办理一次改签，在铁路运输企业有运输能力的前提下，按下列规定办理：开车前48小时以上，可免费改签预售期内的列车。开车前不足48小时，可免费改签车票载明的乘车日期以前的列车。开车前不足48小时，可改签车票载明的乘车日期之后预售期内列车，核收改签费。开车后，在当日24时之前，可免费改签当日其他列车。开车后，在当日24时之前，可改签车票载明的乘车日期之后预售期内列车，核收改签费。办理变更到站的改签时，应在开车前48小时以上，原车票已托运行李的，还应办理行李变更或取消业务。,退票/改签
实名制车票办理改签时，是否需要身份证件？,在车站售票窗口办理改签时，乘车人须出具购票时使用有效身份证件；他人代办时应出具代办人有效身份证件及乘车人购票时使用的有效身份证件。居民身份证无法自动识读或者使用居民身份证以外的其他有效身份证件购票的，请出示购票时所使用的乘车人有效身份证件原件和订单号码。,证件/实名制
车票是否可以办理多次改签？,一张车票可以办理一次改签。车票改签后，旅客取消旅行的，可以按规定退票，但开车后改签的车票不能退票。,退票/改签
办理车票改签时产生差额如何收取或退款？,原车票使用现金购票的，新车票票价高于原车票时，补收差额；新车票票价低于原车票时，退还差额，对差额部分核收退票费并执行现行退票费标准（均为现金）。原车票在铁路售票窗口使用银行卡购票，或者在12306.cn网站使用在线支付工具购票的，按发卡银行或在线支付工具相关规定，新车票票价高于原车票时，请使用银行卡支付新车票全额票款，原车票票款在规定时间退回原购票时所使用的银行卡或在线支付工具；新车票票价低于原车票时，退还差额，对差额部分核收退票费并执行现行退票费标准，应退票款在规定时间退回原购票时所使用的银行卡或在线支付工具。如改签时产生了改签费，还应缴纳相应的改签费，支付方式同新车票票价。,退票/改签
网络改签的退款是实时的吗？一般多长时间会到账？,铁路会将退款的信息实时传给银行，银行是否实时将退款到账，请咨询发卡行客服。,退票/改签
怎么理解开车时间？,开车时间是指车票票面所载明的乘车日期、车次的列车在发站的预计开出时分。为了确保铁路运输秩序，正常情况下列车按运行图运行，到时开车。铁路部门提醒旅客，车站售票厅、进站口、检票口、站台之间有一定距离，需要一定的走行时间，为了确保旅客人身安全和铁路运输秩序，车站将在开车时间之前提前停止售票、检票，请关注车站关于提前停止售票、检票时间的公告，提前做好出行安排，充分考虑住处至乘车站间的交通情况，预留足够时间，在停止售票、检票时间前抵达车站办理购票、换（取）票、候车，同时准备好购票时所使用的乘车人有效身份证件原件，避免耽误乘车。车站售票窗口、安检口、实名制验证口、检票口、行包房受理窗口等排队人数可能较多，请预留足够的时间办理购票、换取纸质车票、行李托运、安全检查、实名制验证、检票等。进站、候车时，请注意广播、电子显示屏、工作人员等关于列车停靠站台、检票口、开始检票时间、开车时间等信息提示。,其他
改签费怎么收？,改签费按如下梯次标准核收：距票面乘车站开车前48小时以上改签时，或开车前不足48小时改签票面乘车日期及以前的列车时，以及开车后在当日24时之前改签当日其他列车时，均不收改签费；开车前24小时以上、不足48小时，改签票面乘车日期之后的列车时，按改签前后低票价车票票面价格的5%计；开车前不足24小时，改签票面乘车日期之后的列车时，按改签前后低票价车票票面价格的15%计；开车后在当日24时之前，改签次日及以后列车时，按改签前后低票价车票票面价格的40%计。上述计算的尾数以5角为单位，尾数小于2.5角的舍去、2.5角（含）以上且小于7.5角的计为5角、7.5角（含）以上的进为1元。,退票/改签
改签收费时给什么报销凭证？,车站售票窗口收取改签费时，出具改签（费）报销凭证。依据国家发票管理有关规定，旅客可用来报销。,退票/改签
在12306.cn网站办理改签后怎么获取改签费报销凭证？,请在12306.cn网站办理改签之日起180日内，凭购票时所使用的乘车人有效身份证件原件和订单号码到车站售票窗口索取改签费报销凭证。依据国家发票管理有关规定，旅客可用来报销。,退票/改签
旅客乘车后能否变更座位铺位？,旅客乘车途中要求变更座位、铺位时，在有运输能力的情况下，列车应予办理。变更后的票价高于原车票的，发售补价票，核收票价差额；低于原车票的，票价差额不退。,退票/改签
列车上能办理变更到站吗？,不能办理。但旅客在车票到站前要求越过到站继续乘车时，须在原车票到站前提出，在有运输能力的情况下列车可予以办理，核收越站区间的票款；无运输能力时，列车有权拒绝旅客补票和继续乘车。,退票/改签
因铁路责任使旅客不能按票面记载的信息乘车怎么办？,因铁路运输企业责任使旅客不能按车票载明的日期、时间、车次、车厢号、席位号、席别乘车时，站、车应妥善安排。重新安排的席位票价高于原票价时，超过部分不予补收；低于原票价时，应当退还票价差额，不收退票费。,乘车/进站
办理退票的途径有哪些？,旅客可在车站售票窗口、12306网站和具备退票功能的自动售票机办理退票。凭各种有效身份证件购买的车票均可在车站售票窗口办理退票；凭12306网站购票证件购买的车票可在12306网站办理退票；在具备退票功能的自动售票机办理退票时，应按系统提示办理。旅客使用12306网站购票证件，通过现金方式购买或已打印报销凭证的车票，可通过12306网站先行办理退票，自网上办理退票成功之日起180日以内，凭乘车人有效身份证件到车站指定窗口办理退款手续。,退票/改签
如何办理退票？,旅客要求退票时，须在车票载明的日期、车次开车时间前办理。已办理行李托运的车票退票时，应先办理取消行李托运业务。退票核收退票费，应退票款按购票时的支付方式退还。,退票/改签
哪些情况不办理退票？,车票发站开车后；开车后改签的车票；加收的票款；车补车票（因未通过或未办理学生资质核验和丢失购票时使用的有效身份证件，而办理的补票除外）。,退票/改签
办理实名制车票退票时，需要提供什么证件？,在车站售票窗口办理退票时，乘车人本人办理的，需出具购票时所使用的有效身份证件；代乘车人办理的，需出具代办人的有效身份证件和乘车人购票时所使用的有效身份证件。,证件/实名制
退票费怎么收？,开车前8天（含）以上退票的，不收取退票费；票面乘车站开车时间前48小时以上的按票价5%计，24小时以上、不足48小时的按票价10%计，不足24小时的按票价20%计。距票面乘车站开车前不足8天的车票，改签至开车前8天以上的列车，又在距开车前8天以上退票的，核收5%的退票费。办理车票改签或“变更到站”时，新车票票价低于原车票的，退还差额，对差额部分核收退票费并执行现行退票费标准。开车后办理车票改签产生票价差额需退还时，按开车前不足24小时标准对票价差额部分核收退票费。上述计算的尾数以5角为单位，尾数小于2.5角的舍去、2.5角（含）以上且小于7.5角的计为5角、7.5角（含）以上的进为1元。退票费最低按2元计收。,退票/改签
退票收费时，给什么报销凭证？,车站售票窗口收取退票费时，出具退票（费）报销凭证。依据国家发票管理有关规定，旅客可用来报销。在12306.cn网站购买的车票，如何办理退票？在12306.cn网站购买且未检票使用的车票，均可在开车前通过12306.cn网站或车站指定窗口办理退票手续。,退票/改签
在12306.cn网站购票后办理退票时如何退款？,在12306.cn网站办理退票时，按购票时所使用的在线支付工具相关规定，应退票款在规定时间退回购票时所使用的在线支付工具。,购票方式
怎么知道收到了退票款？,请通过购票时所使用的在线支付工具进行查询。,退票/改签
办理先退票后领款后身份证件丢失怎么办？,需重新办理身份证件或凭购票时使用的有效身份证件发证机构发放的临时身份证明办理退款。,证件/实名制
办理先退票后领款后是否可以让别人帮助领取票款？,可以，需持代办人本人有效身份证件原件、乘车人购票时使用的乘车人身份证件原件和报销凭证前往车站窗口办理。,退票/改签
在12306.cn网站办理退票后怎么获取退票费报销凭证？,请在12306.cn网站办理退票之日起180日内，凭购票时所使用的乘车人有效身份证件原件和订单号码到车站售票窗口索取退票费报销凭证。依据国家发票管理有关规定，旅客可用来报销。,退票/改签
儿童如何购买车票？,随同成年人乘车的儿童，年满6周岁且未满14周岁的应当购买儿童优惠票；年满14周岁，应当购买全价票。每一名持票成年人旅客可免费携带一名未满6周岁且不单独占用席位的儿童乘车，超过一名时，超过人数应当购买儿童优惠票。儿童年龄按乘车日期计算。旅客携带免费乘车儿童时，应当在购票时向铁路运输企业提前申明，购票申明时使用的免费乘车儿童有效身份证件为其乘车凭证。免费乘车的儿童单独使用席位时应购买儿童优惠票。儿童优惠票的乘车日期、车次及席别应与同行成年人所持车票相同，到站不得远于成年人车票的到站。,购票方式
购买儿童优惠票要身份证吗？,车票实名购买，购票人需凭乘车人的有效身份证件购买车票。请使用儿童本人有效身份证件购票。,证件/实名制
儿童优惠票票价享受哪些优惠？,儿童优惠票可享受普速旅客列车客票、加快票、空调票和动车组列车座席票和卧铺票的优惠。儿童优惠票普速旅客列车票价按相应客票和附加票公布票价的50%计算，免费乘车及持儿童优惠票乘车的儿童单独使用卧铺时，另收全价卧铺票价，有空调时还另收半价空调票票价。儿童优惠票动车组列车二等座、一等座、多功能座票价按照相应列车席别全价执行票价的50%计算；特等座、优选一等座、商务座票价按照相应列车席别全价执行票价的80%计算；动车组卧铺票价按照相应列车席别全价执行票价的70%计算。动车组列车全价执行票价不低于公布票价的40%时，儿童优惠票票价最低为相应列车席别公布票价的40%；动车组列车全价执行票价低于公布票价的40%时，儿童优惠票票价按全价执行票价执行。儿童优惠票的席别与成年人旅客的车票席别相同，到站不能远于成年人旅客车票的到站。,优惠票
新生如何通过线上购买学生票？,第一步：需要使用新生本人身份信息注册铁路12306账户，优惠类型选为学生。第二步：打开铁路12306App-我的-学生优惠资质核验专区填写相关优惠信息(姓名、证件号码、学校和家庭所在地、预计毕业年份)-提交审核后，购买学生优惠票即可。新生通过线上购买学生票后，可持身份证和录取通知书到窗口进行资质核验，刷身份证进站乘车。如未进行线下核验，则凭录取通知书从人工检票口进站乘车。,购票方式
哪些学生可以购买学生优惠票？,在全日制高等学校（含国务院教育行政部门、省级人民政府审批设置的实施高等学历教育的民办学校），承担研究生教育任务的科学研究机构，军事院校，普通中、小学和中等职业学校（含有实施学历教育资格的公办及民办中等专业学校、职业高中、技工学校），国务院或国家宗教事务局批准的正式宗教院校就读的学生、研究生，家庭居住地和学校所在地不在同一城市时，凭附有标注减价优惠区间和火车票学生优惠卡的学生证（中、小学生凭加盖学校公章的书面证明），优惠区间应加盖院校公章，每学年（10月1日至次年9月30日）可购买家庭居住地至院校（实习地点）所在地之间四次单程的学生优惠票。新生凭录取通知书、毕业生凭盖有院校公章的学校书面证明当年可购买一次学生优惠票。学生优惠票限于使用普通旅客列车硬座、硬卧和动车组列车二等座。学生每学年乘车前应通过12306网站或到车站指定售票窗口、自动售票机办理一次学生优惠资质核验手续。通过车站指定售票窗口或自动售票机办理学生优惠资质核验手续时，应出具本人有效身份证件和学生证（附有火车票学生优惠卡），没有火车票学生优惠卡，火车票学生优惠卡所载信息不全、不能识别或者与学生证记载不一致的，无法通过学生优惠资质核验。华侨学生和港澳台学生可购买学校所在地车站至口岸城市车站间的学生优惠票。铁路运输企业另有规定的除外。火车票学生优惠卡内需载明学生姓名、有效身份证件号码、优惠乘车区间、入学日期、优惠乘车次数等信息。应有而没有“火车票学生优惠卡”，“火车票学生优惠卡”所载信息不全、不能识别或者与学生证记载不一致的，不发售学生优惠票。学生证的减价优惠区间更改时，应重新加盖院校公章，并修改火车票学生优惠卡内相关信息。学生优惠票根据减价优惠区间按相对近径路或合理径路发售。在减价优惠区间内购买联程车票时，扣减一次优惠乘车次数。超过减价优惠区间的，不发售学生优惠票。优惠乘车次数按学年使用有效，当学年不能使用下一学年的次数，当学年未使用的不能留作下学年使用。,购票方式
新生（毕业生）如何购买学生优惠票？,新生凭录取通知书、毕业生凭盖有院校公章的学校书面证明当年可购买一次学生优惠票。学生优惠票限于使用普通旅客列车硬座、硬卧和动车组列车二等座。,购票方式
网络购买学生票优惠区间不符优惠次数超出怎么办？,学生票（区间不符，优惠次数超出）凭本人有效身份证件原件和学生优惠卡，到车站售票窗口办理补票手续。,购票方式
能否分段购买学生票？,按照学生证载明的优惠乘车区间，如没有直达列车或其中一段乘坐动车组列车可以分段购买。,购票方式
什么情况不能发售学生票？,火车票学生优惠卡内需载明学生姓名、有效身份证件号码、优惠乘车区间、入学日期、优惠乘车次数等信息。应有而没有“火车票学生优惠卡”，“火车票学生优惠卡”所载信息不全，不能识别或者与学生证记载不一致的，不能发售学生优惠票。,优惠票
学生优惠票如何资质核验和进站？,符合购买学生票条件且未核验学生资质的旅客，应通过12306网站提前办理在校资质核验（12306网站在校资质核验仅对您的在校学生身份进行核验，学生票优惠区间由站车在途中进行核验。请确保所填写的学生票优惠乘车区间与学生证中记载的优惠乘车区间一致。乘车过程中，如核验发现所填写优惠乘车区间与学生证中优惠乘车区间不一致时，对于超过学生证上记载的区间乘车的，核收超过区间的票价差额，已核减的优惠次数不予退还;对于不符合学生证中优惠乘车区间或不符合减价优惠条件的，按全程全价核收票价差额，退还已核减的优惠次数）。您也可以到车站指定窗口或自动售/取票机，凭居民身份证和学生优惠卡人工办理资质核验。通过12306在校资质核验和人工资质核验的旅客可凭居民身份证件自助办理实名制验证和进出站检票，核验手续应当在乘车前办理。购买学生票的旅客请务必随身携带学生证凭证乘车，以便铁路工作人员在车站和列车上核验。,优惠票
新生（毕业生）购买学生优惠票后如何进站乘车？,由于新生（毕业生）无学生优惠卡，无法办理学生资质审核，所以新生可凭录取通知书（毕业生凭学校开具的书面证明）及购票时所使用的有效身份证件通过人工检票通道进站乘车。,购票方式
学生优惠票价格如何计算？,学生优惠票可享受普速旅客列车硬座客票、加快票、空调票和动车组列车二等座、一等座、多功能座和动车组卧铺各席别的票价优惠。学生优惠票普速旅客列车票价按硬座客票和相应附加票公布票价的50%计算，持学生优惠票乘车的学生使用普速旅客列车硬卧时，应另收全价硬卧票价，有空调时还应另收半价空调票票价。学生优惠票动车组列车票价按照相应列车席别全价执行票价的75%计算。动车组列车全价执行票价不低于公布票价的40%时，学生优惠票票价最低为相应列车席别公布票价的40%；动车组列车全价执行票价低于公布票价的40%时，学生优惠票票价按全价执行票价执行。,优惠票
什么时候可以买学生优惠票？,每学年（10月1日至次年9月30日）可购买家庭居住地至院校（实习地点）所在地之间四次单程的学生优惠票。,优惠票
父母分居两地时怎么办？,学生的父母都不在学校所在地，并分两处居住时，由学生选择一处，并登记在学生减价优待证上。,其他
父母迁居时怎么办？,学生父母迁居时，请提出申请，经学校确认后，可修改学生减价优待凭证上的乘车区间，加盖学校公章，同时修改“学生火车票优惠卡”的相关信息。,其他
回家后学校迁移或调整怎么办？,学生回家后，院校迁移或调整，凭学校证明和学生减价优待证，可以发售从家庭所在地到院校新迁所在地的学生优惠票。,其他
超过减价优待凭证上记载的区间乘车时怎么办？,学生减价优待证记载的车站是没有快车或直通车停靠的车站时，离该站最近的大站（可以超过减价优待证规定的区间）可以发售学生优惠票；因此超过减价优待证上记载的区间乘车时，对超过区间按一般旅客办理，核收票价差额。不符合规定条件、超过减价优待证记载的区间乘车时，按全程全价核收票价差额。,优惠票
华侨学生和港澳台学生怎么办理学生优惠票？,华侨学生和港澳台学生可购买学校所在地车站至口岸城市车站间的学生优惠票。铁路运输企业另有规定的除外。,优惠票
只有学生证，没有身份证，能否购买实名制车票？,不能，学生证不是实名制购票有效身份证件。,证件/实名制
残疾军人如何购买优待票？,持中华人民共和国残疾军人证、中华人民共和国伤残人民警察证、国家综合性消防救援队伍残疾人员证的人员凭证可以购买优待票。,购票方式
优待票可享受哪些优惠？,持中华人民共和国残疾军人证、中华人民共和国伤残人民警察证、国家综合性消防救援队伍残疾人员证的人员凭证可以购买优待票，优待票可享受普速旅客列车客票、加快票、空调票、卧铺票和动车组列车各席别票的优惠。优待票普速旅客列车票价按相应客票和附加票公布票价的50%计算。优待票动车组列车票价按相应席别全价执行票价的50%计算。动车组列车全价执行票价不低于公布票价的40%时，优待票票价最低为相应列车席别公布票价的40%；动车组列车全价执行票价低于公布票价的40%时，优待票票价按全价执行票价执行。,优惠票
什么时候可以购买残疾人旅客专用票额车票？,为方便残疾人旅客乘坐火车出行，每趟旅客列车预留一定数量的残疾人旅客专用票额，自预售之日起至始发站开车前24小时，专门发售给符合购票条件的残疾人旅客。,购票方式
12306网站可以发售残疾人专用票额吗？,2020年4月27日12306网站上线残疾人及残疾军人购票功能，支持通过12306网站及12306手机APP发售残疾人用途车票。,优惠票
购买残疾人旅客专用票额车票需要什么条件？,购买残疾人旅客专用票额车票，需具备以下条件：持有中华人民共和国残疾人证，且载明视力、肢体或智力三类残疾，残疾等级为一级或二级的。持有中华人民共和国残疾军人证、伤残人民警察证、国家综合性消防救援队伍残疾人员证，且载明残疾等级为一至六级的。,购票方式
购买残疾人旅客专用票额的旅客进出站、乘车有何规定？,购买残疾人旅客专用票额的车票时，实行实名制，购票、退票、进出站检票及乘车时，请出示乘车人本人的中华人民共和国残疾人证、残疾军人证、伤残人民警察证、国家综合性消防救援队伍残疾人员证及其所载明的居民身份证等有效身份证件。,购票方式
发现不符合购票条件的持“专”字样车票的旅客，如何处理？,发现旅客不符合发证条件的，列车工作人员有权要求其腾出席位、安排符合条件的旅客使用，同时记录其证件信息。发现使用伪造、变造中华人民共和国残疾人证、残疾军人证、伤残人民警察证、国家综合性消防救援队伍残疾人员证的，移交铁路公安部门依法处理。,购票方式
铁路能向残疾人旅客提供轮椅服务吗？,部分较大站设有服务台，为老、幼、病、残、孕旅客提供优先购票、优先进站、优先乘车、优先托办行李等服务，有的车站还可为行动不便的残疾人旅客提供轮椅服务。详情请咨询乘车站。,优惠票
我是盲人，可以携带导盲犬进站乘车吗？,自2015年5月1日起，视力残疾旅客可以携带导盲犬进站乘车。为维护良好的站车秩序，请旅客主动配合铁路工作人员做好以下工作：（一）在进站、乘车时，请主动出示以下证件：购票时所使用的有效身份证件、残疾人证、导盲犬工作证（载有导盲犬使用者信息，盖有公安部门或残疾人联合会公章，或带有国际导盲犬联盟标识“IGDF”）、动物健康免疫证明。（二）进站时，请与其他旅客一样，携带导盲犬接受安全检查。（三）进入车站、列车前，请为导盲犬系上牵引链，佩戴导盲鞍。为保障旅客出行安全，有下列情形之一的，需与具备照看导盲犬能力的成年人同行：（一）乘坐同一趟列车时间超过12小时的；（二）购买联程票时，每段接续时间在2小时以内，且全程时间超过12小时的。在车站及乘车期间，旅客或同行成年人负责照看导盲犬及照顾导盲犬吃、喝、排泄，请勿影响站车环境卫生。在不阻塞通道、车门等前提下，导盲犬宜在旅客座席附近或铺位下陪伴，请勿让其占用席位或任意跑动。在发生危及旅客人身安全和铁路运营秩序的特殊情况下，携带导盲犬的旅客与其他旅客一样，需共同遵守铁路和公安部门的有关规定，接受铁路工作人员的组织和引导。,乘车/进站
哪些旅客可以申请办理特殊重点旅客预约服务？,因年龄、行为、身体状况等原因，在旅行中依靠辅助器具才能行动等需特殊照顾的特殊重点旅客可以预约该服务。特殊重点旅客服务主要分为：无陪伴年长旅客服务、无陪伴孕妇旅客服务、视觉/听觉障碍旅客服务、轮椅/担架（车）行动障碍旅客服务、携带导盲犬旅客服务。无陪伴年长旅客服务，一般指年龄超过65周岁，单独乘车且行动不便，需要进出站引导以及途中随访关照旅客所提供的服务。无陪伴孕妇旅客服务，一般指面向怀孕超过36周（含）或预产期在4周（含）以内，单独乘车，需要进出站引导以及途中随访关照旅客所提供的服务。视觉/听觉障碍旅客服务，指面向视觉（双目有缺陷、失明）/听觉（双耳听力缺陷）障碍旅客所提供的服务。轮椅/担架（车）行动障碍旅客服务，指面向因病因残导致行动不便且有服务需求旅客所提供的服务。携带导盲犬旅客服务，指面向因视觉障碍，需携带取得导盲犬工作证，辅助视力残疾人工作、生活的导盲犬进站乘车旅客所提供的服务。,其他
旅客如何预约特殊重点旅客服务？,持有铁路有效车票且符合特殊重点旅客服务条件的旅客可以在乘车前规定时间内通过线上线下渠道向铁路部门提出特殊重点旅客服务申请。线上渠道包括铁路12306网站、12306App、12306客户服务热线等。旅客应在不晚于乘车站列车开车前6小时提出服务申请。线下渠道包括铁路客运车站12306服务台、综合服务中心和旅客列车现场。旅客应在乘车站列车开车前60分钟到车站提出服务申请，或在列车上提出服务申请。办理过程中，请按照系统提示要求或铁路客运人员指引，准确填写相关信息并提交有效证明材料。对于旅客身份信息与车票身份信息不一致、不符合服务条件，或无法提供相关有效证明材料等情况的，客运车站有权拒绝提供服务。,其他
特殊重点旅客预约成功后，铁路部门提供哪些服务？,特殊重点旅客申请成功后，铁路部门将提供便利进出站、优先安检、优先验证、优先检票、引导帮扶、协助乘降，以及提供站内免费轮椅、担架（车）以及列车内随访关照等服务，为残疾人携带导盲犬提供便利；设有重点旅客候车室、母婴室（哺乳室）等服务设施的车站，还将提供专区候车等服务。服务范围原则上限于客运车站进站口12306预约旅客会合点至出站口闸机以内的铁路旅客服务区域，包含客运车站进出站通道、候车区域、客运站台，以及在途旅客列车服务区域内。特别提醒您，请在乘车站列车开车前60分钟到达车站12306预约旅客会合点。,其他
发生哪些行为的，铁路部门有权拒绝提供特殊重点旅客服务？,不满足年龄条件，或不满足单独出行要求等不符合预约申请条件的；持伪造、过期等无效证明材料或冒用他人有效证明材料的；提供的证明材料不符合规定，或无法提供规定的有效证明材料的；现场临时提出申请，或明显超过约定时间到达车站，铁路客运站车现场不具备服务保障能力的；提出的服务要求，明显超出铁路旅客运输服务范围和能力的。,其他
哪些情况会导致无法在线上渠道办理预约申请？,对违反相关规定，发生下列行为的，旅客将在行为发生日180天内无法通过线上渠道办理相关服务的预约申请。不符合预约申请条件，但连续2次办理预约申请的；在1年内办理重点旅客服务预约申请成功后，累计2次未如约到达车站的；在30天内预约申请重点旅客服务后，因自身原因需要取消重点旅客服务预约申请的，累计2次未在规定时间内办理取消的；持伪造、过期等无效证明材料或冒用他人有效证明材料的；在服务过程中，存在辱骂、殴打客运服务人员等不文明行为的。,其他
哪些情况重点旅客服务预约申请会自动取消，以及如何自行取消预约服务？,因列车停运或旅客自行办理退票，其所办理的特殊重点旅客预约申请随即自动取消。当旅客乘坐的列车发生变动或自行办理改签，预约申请随即自动取消，特殊重点旅客需重新办理特殊重点旅客服务申请。旅客因自身原因，需要取消重点旅客服务预约申请时，通过线上渠道预约办理的可以在原渠道或拨打客服电话取消，通过车站现场办理的可以现场或拨打客服电话取消。,其他
旅客可以免费携带多少物品乘车？,旅客携带品由自己负责看管。旅客需妥善放置携带品，不得影响公共空间使用和安全。每人免费携带品的重量和规格是：儿童10千克，外交人员35千克，其他旅客20千克。每件物品外部尺寸长、宽、高之和不超过160厘米，杆状物品不超过200厘米；但乘坐动车组列车均不超过130厘米；每件重量不超过20千克。平衡车、滑行器等轮式代步工具须使用硬质包装物妥善包装。依靠辅助器具才能行动的老、幼、病、残、孕等特殊重点旅客旅行时代步的折叠式轮椅，以及随行婴儿使用的折叠婴儿车，可免费携带并不计入上述范围。,乘车/进站
哪些物品不得携带上车？,详见《铁路旅客禁止、限制携带和托运物品目录》。,携带品
发现旅客违章携带物品，如何处理？,在乘车站禁止进站上车。在车内或下车站，对超过免费重量的物品，其超重部分应自上车站至下车站补收行李运费。对不可分拆的整件超重、超大物品、活动物，按该件全部重量补收上车站至下车站行李运费。列车不具备补收条件时可交前方停车站处理。发现危险品或禁限物品，妨碍公共卫生的物品，损坏或污染车辆的物品时，列车交前方停车站处理，车站按该件物品全部重量加倍补收上车站至下车站行李运费；涉嫌违法犯罪的送交公安部门处理，对有必要就地销毁的危险品或禁限物品应按有关规定处理。如旅客携带超重、超大的物品价值低于行李运费时，可按物品价值的50％核收行李运费。补收行李运费时，不得超过本次列车的始发站和终到站。不能判明上车站时，自始发站起计算。,携带品
乘车携带香烟有什么规定？,每名旅客最多可携带50条，超过数量请出示相关部门出具的携带证明。,乘车/进站
乘车携带白酒有什么规定？,包装密封完好、标志清晰且酒精体积百分含量大于或者等于24%、小于或者等于70%的酒类饮品累计不超过3000毫升。详见《铁路旅客禁止、限制携带和托运物品目录》。,乘车/进站
托运行李有什么条件？,行李是旅客凭车票托运的一定限度的旅行必需品。行李每件的最大重量为50千克，外部尺寸长、宽、高之和最大不超过200厘米，最小不小于60厘米。行李一般随旅客所乘列车运送或提前运送。行动不便旅客在旅行中使用的轮椅可按行李托运。,携带品
托运哪些物品要办理押运？,托运金银珠宝、货币证券、文物、枪支、中途需饲养的动物等应派人押运。押运人应购买车票并对所押物品的安全负责。,携带品
行李的运到期限是如何计算的？,行李的运到期限以运价里程计算。从承运日起，行李600千米以内为3日，超过600千米时，每增加600千米增加1日，不足600千米也按1日计算。,携带品
行李逾期时，旅客如何处理？,行李超过规定的运到期限运到时，铁路运输企业应按逾期日数及所收行李运费的百分比向旅客支付违约金。行李变更运输时，逾期运到违约金不予支付。旅客要求支付违约金时，凭行李票在行李到达日起10日以内提出。,携带品
行李运到后，承运人免费保管吗？,行李运到后从通知之日起，铁路运输企业免费保管3日，逾期到达的行李免费保管10日。因铁路运输企业责任和不可抗力等原因导致旅客行李延迟到达时，按延迟日数增加免费保管日数。超过免费保管期限时，按日核收保管费。,携带品
旅客如何提取行李包裹？,旅客凭本人购票时使用的有效身份证件领取行李。他人代领时凭旅客购票时使用的有效身份证件和代领人有效身份证件领取。,携带品
如何办理行李变更？,旅客在办理行李托运手续后，可按如下规定办理一次行李变更手续；办理行李变更的到站、中止站必须是行李办理站：在发站装运前取消托运时，退还全部行李运费，核收保管费；在发站装运后取消托运时，行李由到站运回发站，已收行李运费不退，补收到站至发站间行李运费；旅客办理车票变更到站后，在装运前办理行李到站变更时，补收或退还已收行李运费与发站至新到站行李运费的差额；旅客办理车票变更到站后，在装运后办理行李到站变更时，已收行李运费不退，另补收原到站至新到站的行李运费；旅客中止旅行后，要求将行李运回旅行中止站时，补收原到站至中止站间的行李运费。,退票/改签
发现品名不符时，如何处理？,将禁限物品或危险品夹带运输时，在发站取消托运，在中途站停止运送（在列车上发现危险品交前方停车站），均通知有关部门和旅客处理，已收行李运费不退，按该件全部重量另行加倍补收行李运费，核收保管费。,其他
常见危险品品名有哪些？,详见《铁路旅客禁止、限制携带和托运物品目录》。,其他
什么是保价运输？,铁路保价运输，是指托运人在托运物品时向铁路承运人声明物品的实际价值，并缴纳相应的费用，当物品在运输过程中发生损失时，铁路承运人按照托运人的声明价值赔偿损失。行李分为保价运输和不保价运输，旅客可自主选择。按保价运输时，可分件声明价格，也可按一批全部件数声明价格。按一批办理时，不得只保其中一部分。,其他
行李运输的损失赔偿标准是多少？,按保价运输办理的行李全部灭失时按实际损失赔偿，但最高不超过声明价格。部分损失时，按损失部分所占的比例赔偿。分件保价的行李按所灭失该件的实际损失赔偿，最高不超过该件的声明价格。未按保价运输的行李按实际损失赔偿，但最高连同包装重量每千克不超过15元。如由于铁路运输企业故意或重大过失造成的，不受上述赔偿限额的限制，按实际损失赔偿。,携带品
发生行李事故后，如何提出赔偿？,发生行李包裹事故时，一般请在到站办理，特殊情况也可由发站办理。收货人要求赔偿时，请在规定的期限内提出并附下列文字材料：行李票或包裹票；行李、包裹事故记录；证明物品内容和价格的凭证。,携带品
铁路对哪些原因造成的行李损失不承担责任？,不可抗力；物品本身的自然属性或合理损耗；包装方法或容器不良，从外部观察不能发现时；旅客违反铁路规章或其他自身的过错。,携带品
为了能准时乘车，我该做些什么？,车站售票厅、进站口、检票口、站台之间有一定距离，需要一定的走行时间，为了确保旅客人身安全和铁路运输秩序，车站将在开车时间之前提前停止售票、检票，请关注车站关于提前停止售票、检票时间的公告，在停止售票、检票时间前抵达车站办理购票、候车，同时准备好购票时所使用的乘车人有效身份证件原件，避免耽误乘车。车站售票窗口、安检口、实名制验证口、检票口、行包托运受理窗口排队人数可能较多，请预留足够的时间办理购票、行李托运、安全检查、实名制验证、检票等。进站、候车时，请注意广播、电子显示屏、工作人员等关于列车停靠站台、候车室、检票口、开始检票时间、开车时间等信息提示。,乘车/进站
进站必须安检吗？,依据国家有关法律规定，所有旅客及随身携带物品都必须经过安全检查。进站乘车时，请将携带物品放入危险品检查仪、通过安检门接受安全检查，请予配合。视力残疾旅客携带导盲犬进站时，请与其他旅客一样，携带导盲犬接受安全检查。车站安检口可能排队人数较多，请预留足够的时间到达车站。,乘车/进站
旅客怎样检票？,使用中华人民共和国居民身份证、港澳居民居住证、台湾居民居住证、外国人永久居留身份证，港澳居民来往内地通行证，台湾居民来往大陆通行证等可识读证件购票的旅客，凭购票时所使用的有效身份证件原件，可通过实名制核验、检票闸机自助完成实名制验证、进出站检票手续。使用其他证件购票的旅客，凭购票时所使用的有效身份证件原件，通过人工通道完成实名制验证、进出站检票手续。,乘车/进站
购票后，可以在中途站上车吗？,按照车票票面指定的日期、车次，可以在中途站上车，但未乘区间的票价不退。,购票方式
列车怎样验票？,普通旅客列车，列车工作人员在车门口及运行途中查验车票；动车组列车，列车工作人员在运行途中查验车票。,其他
列车如何进行实名制验证？,按照国家有关规定，实行车票实名制的，列车验票时，同时核对旅客、所持车票及购票时所使用的有效身份证件原件。票、证、人不一致，按无票处理。,证件/实名制
持居民身份证直接检票乘车时，列车验票发现没有购票信息怎么办？,经列车工作人员确认没有旅客购票信息时，请先行补票。,证件/实名制
旅客在车票到站前要求越过到站继续乘车怎么办？,旅客要求越过车票到站继续乘车时，须在原车票到站前提出，在有运输能力的情况下列车可予以办理，核收越站区间的票款；无运输能力时，列车有权拒绝旅客补票和继续乘车。,乘车/进站
旅客乘车后能否中途下车，并恢复旅行？,持直达票的旅客中途下车，未乘区间失效；但如因伤、病或铁路责任不能继续旅行时，凭列车长开具的客运记录，可退还已收票价与已乘区间票价差额，已乘区间不足起码里程时按起码里程计算；同行人同样办理。,乘车/进站
发生车票误售、误购时怎么办？,车站售票窗口发生旅客车票误售、误购时，旅客当场提出的，车站换发新票，需退还票价差额时，不收退票费。铁路运输企业责任导致的误售应为旅客免费办理退票或换发新票。,其他
因误售、误购车票或旅客误乘时，怎么办？,发生误乘、误降时，旅客应向站、车工作人员提出。列车长应编制客运记录交前方停车站；车站对本站发现或列车移交的误乘、误降旅客，应指定最近列车免费送回至车票到站或原票乘车站，对出站后提出的不予受理。如误乘旅客提出乘坐本趟列车直接去原票到站时，所乘列车票价高于原票价时，核收票价差额；所乘列车票价低于原票价时，票价差额部分不予退还。旅客拒绝铁路运输企业安排时，根据实际乘车区间补收相应票款，未使用部分票款不予退还。,其他
旅客丢失购票时使用的有效身份证件如何处理？,旅客购票后，丢失购票身份证件的，按以下方式处理。（一）旅客在乘车前丢失证件的，应到该有效身份证件的发证机构办理身份证明（含铁路临时身份乘车证明），凭身份证明进出站乘车。（二）旅客在列车上、出站前丢失证件的，须先办理补票手续并按规定支付手续费，列车核验席位使用正常的，开具电子客运记录（特殊情况可开具纸质客运记录）；车站核验车票无出站检票记录的，开具客运记录。旅客应在乘车日期之日起30日内，凭该有效身份证件发证机构办理的身份证明和后补车票（如开具纸质客运记录，还应携带纸质客运记录），到列车的经停站退票窗口办理后补车票与原票乘车区间一致部分的退票手续。办理退票手续时，如核查丢失证件有出站记录的，后补车票不予退票；无出站记录的，办理退票时，不收退票费，已核收的手续费不予退还。,证件/实名制
丢失报销凭证是否可以补打？,不可以。,发票/报销
在旅行途中发生急病，怎么办？,旅客在乘车旅行途中，如发生急病，请及时向站、车工作人员寻求帮助。旅客旅行途中因伤、病不能继续旅行时，经站、车核实，可在下车后30日以内到下车站办理退票，退还已收票价与已乘区间票价差额，核收退票费；同行人同样办理。,其他
在旅行途中发生人身伤害，怎么办？,旅客在乘车旅行途中，如发生人身伤害，请及时向站、车工作人员寻求帮助。,其他
铁路对哪些原因造成的旅客身体伤害不承担责任？,铁路运输企业应当对铁路运送期间发生的旅客人身损害承担赔偿责任；旅客自身健康原因造成的或者铁路运输企业证明伤亡是旅客故意、重大过失造成的，铁路运输企业不承担赔偿责任。在铁路运送期间因第三人原因造成旅客人身损害的，由第三人承担赔偿责任。铁路运输企业有过错的，应当在能够防止或者制止损害的范围内承担相应的补充赔偿责任。铁路运输企业承担补充赔偿责任后，有权向第三人追偿。,其他
旅客遗失物品时，如何处理？,旅客携带品由自己负责看管。旅客在铁路车站、列车上遗失物品时，请及时向铁路工作人员反映。客流量较大的车站均设有失物招领处。,携带品
哪些遗失物品不负责保管？,鲜活易腐物品和食品不负责保管。,携带品
空调故障发生后，如何办理退票费？,列车因空调设备故障在运行过程中不能修复时，应退还未使用区间的空调费用。,退票/改签
线路中断时，对旅客如何处理？,运行中断，列车不能继续运行时，应妥善安排被阻旅客，及时告知相关出行信息。运行中断，旅客可以按照铁路运输企业的安排返回发站、中途站退票或绕道旅行，退票按照相关规定办理。铁路运输企业组织原列车绕道运输时，旅客原票不补不退，但中途下车铁路旅客运输合同即履行终止。由于运行中断影响旅行，旅客要求出具证明时，车站应开具文字证明。,其他
进疆列车,新疆铁路途经风口较多，遇大风、沙尘等恶劣天气，为确保铁路运输安全，列车可能会导致列车晚点、提前终止运行或停运，请予理解配合。,其他
渡海列车,从其他地区开往海南的列车，要在海口市南港～广东省徐闻县北港间通过轮船渡过琼州海峡。遇台风、大雾等恶劣天气、海象或者海事管制，为了确保运输安全，渡船可能不能正常运行，并导致列车晚点、提前终止运行或停运，请予理解配合。列车渡海前、后，要在港口进行分解、编组及上下渡船作业。由于作业时不能供电，列车空调将短暂停止工作，车内温度将有所上升，旅客可能会产生一定的不适感，请予理解配合。,其他
青藏列车,青藏高原地处低氧区，在高原旅行对身体条件有较高要求，旅客可能会出现不同程度的高原反应，建议在出行前作必要的身体检查，在医生的指导下预先服用或准备适当的抗高原反应药物，并请填写“旅客健康登记卡”，上车时交本车厢列车员。部分列车在西宁站要进行换乘，全体旅客都将换乘至另一列车，请接受并配合工作人员的组织和引导。在格尔木～拉萨区间运行时，列车将提供弥散式供氧和独立吸氧服务，如有疑问，请咨询列车工作人员。高原期间，最好戒烟戒酒，并注意缓慢行走，尽量保持体力。,其他
铁路旅客文明出行公约包括哪些内容？,遵守站车秩序。持有效凭证进站乘车，听从工作人员指引，不闯口、不插队、不越席、不越站、不霸座、不喧哗，看护好随行儿童，不影响他人候车乘车。维护公共安全。不携带禁止限制物品进站上车，不扒阻车门，不在动车组列车和其他禁烟区吸烟，不擅自开启列车车门和操纵列车紧急设施。保持环境卫生。不随地吐痰，不乱扔垃圾，不随地坐卧，不乱扔烟头，乘车期间不食用有异味的食物。爱护设备设施。正确使用车站和列车服务设备，不损坏公共设施，节约用水用纸。讲究以礼待人。注意个人言行，文明用语，尊老爱幼，相互礼让；公共环境衣着整洁得体。,其他
动车组和旅客列车内的电源，在使用中有什么要求？,为保障动车组和旅客列车运行安全，车内的电源仅满足旅客为手机、平板电脑和笔记本电脑等小型电子产品充电使用，请勿使用电水壶等较大功率电器。,其他
旅客在站台候车期间，需要注意什么？,旅客在站台候车期间，请看管好自己的行李物品，特别是带有滑轮的拉杆箱，以免坠入站台股道；您在站台行走过程中，请不要越过安全线；携带儿童出行的旅客，务必看护好随行儿童，避免在站台上奔跑。在站台上吸烟的旅客，请将烟头熄灭后，投入站台上的灭烟处或垃圾箱中，不要随地丢弃。,乘车/进站
旅客在乘车期间，有哪些安全注意事项？,旅客在列车行李架上放置行李物品时，行李箱、背包、手提袋等应封闭良好并摆放平稳，尖角利器、沉重物品和杆状物品请放置在大件行李处或座椅下部。旅客接打开水时，不要接的过满，请及时拧紧杯盖。携带儿童出行的旅客，请看护好随行儿童，不要让孩子在车厢内奔跑、攀爬，不要触碰电茶炉和列车制动等安全设施。乘坐卧铺的旅客，在上下卧铺时，请扶稳抓牢。乘车期间，请随时关注列车广播，以避免坐过站。,乘车/进站
列车上是否允许吸烟？,动车组列车全程各部位严禁吸烟。普通旅客列车车厢内严禁吸烟，目前部分列车在车门或车厢连接处设有吸烟点。依据《铁路安全管理条例》（国务院令第639号）有关规定，在动车组列车上吸烟或者在其他列车的禁烟区域吸烟的，由公安机关责令改正，处500元以上2000元以下的罚款。,其他
动车组商务、一等座旅客享受什么服务？,目前，部分高铁动车组列车对一等座及以上的旅客提供饮品、小食品等免费服务。逢中晚餐时，为商务座旅客提供免费餐食服务。详情请咨询列车工作人员。,其他
车站有贵宾室或软席候车室吗？,省会城市等大型高铁车站设有独立的贵宾候车区，为动车组商务座旅客在站内候车提供相关服务。部分普速车站设有软席候车室（区），为持软卧车票的旅客在站内候车提供相关服务。详情请咨询乘车站。,其他
商务座旅客在车站可以享受什么服务？,在直辖市、省会城市和计划单列市所在地的主要高铁车站，向商务座旅客提供协助引导服务，优先取票、安检、验证服务和商务座专区候车服务。商务座候车专区免费提供饮品、食品、报刊、影视服务，以及列车到开时刻、检票口、站台等信息服务。详情请咨询车站工作人员。,其他
旅客在乘车期间，用餐有哪些注意事项？,旅客列车车厢属于封闭空间。为创造良好旅途环境，确保空气清新，旅客在乘车期间，请不要食用榴莲、方便面等有浓重气味的食品。为避免产生大量水雾，防止发生烫伤，也请您不要在途中食用自嗨锅、自热米饭等具有自加热功能的套餐。,乘车/进站
为什么有的普通旅客列车没有餐车？,根据运行时间、线路不同，部分普速旅客列车没有餐车。,其他
列车上能为有特殊饮食习惯的旅客提供餐食吗？,动车组列车提供多种套餐（含清真餐）。编挂有餐车的普速旅客列车，在餐车提供点餐服务，设有清真席。详情请咨询列车工作人员。,其他
列车餐车在第几号车厢？,列车餐车的位置因车型或编组有所差别，一般在列车中部。详情请咨询列车工作人员。,其他
铁路部门为什么要实施互联网购票身份信息核验？,根据铁路实名制购票有关规定，票、证、人一致方可购票乘车。同时，为了有效打击利用12306网站进行囤票、倒票的违法行为，维护广大旅客的合法权益，铁路部门通过国家身份认证权威部门对注册用户和乘车人进行了身份信息核验。,证件/实名制
身份信息核验会影响互联网正常购票吗？,只要您的注册用户和乘车人使用的身份信息真实有效，且通过“网上核验”或“车站核验”的，均不影响在12306网站正常购票。,证件/实名制
怎么知道我的注册信息（乘车人信息）是否经过核验？,注册用户可在“个人信息”中“查看个人信息”中查看注册用户的身份信息核验状态。 乘车人可在“常用信息管理”中“乘车人”中查看乘车人的身份信息核验状态。,乘车/进站
注册用户和乘车人为“已通过”状态，身份信息还可以修改吗？,“已通过”状态身份信息不可修改。,证件/实名制
中华人民共和国居民身份证、中华人民共和国港澳居民居住证、中华人民共和国台湾居民居住证、外国人永久居留身份证注册用户和乘车人为“待核验”状态，怎么办？,注册用户、乘车人的身份信息未经核验，需持有效身份证件原件到车站售票窗口办理核验。办理注册人身份核验时，请持在12306.cn网站注册时填写的有效身份证件原件。办理乘车人身份信息核验时，请持乘车人有效身份证件原件及注册人注册时填写的有效身份证件原件，到车站售票窗口办理核验。遇有姓名超长、生僻字、繁体字等情形的，仅可在车站售票窗口办理，还要提供注册手机号后4位或注册邮箱前3位。,证件/实名制
居民身份证、港澳居民居住证、台湾居民居住证、外国人永久居留身份证注册用户和乘车人为“未通过”状态，怎么办？,注册用户、乘车人的身份信息经过核验但未通过，需修改本网站所填写的身份信息内容与有效身份证件原件完全一致，保存后状态显示“待核验”时，参见“6. 居民身份证、港澳居民居住证、台湾居民居住证、外国人永久居留身份证注册用户和乘车人为“待核验”状态，怎么办？”步骤到车站售票窗口办理核验。,证件/实名制
港澳居民来往内地通行证、台湾居民来往大陆通行证、中国护照和外国护照的注册用户和乘车人为“待核验”状态，怎么办？,注册用户、乘车人的身份信息未经核验，需持港澳居民来往内地通行证、台湾居民来往大陆通行证、中国护照和外国护照原件到车站售票窗口办理核验。办理注册人身份核验时，请持在12306.cn网站注册时填写的港澳居民来往内地通行证、台湾居民来往大陆通行证、中国护照和外国护照原件。办理乘车人身份信息核验时，请持乘车人有效身份证件原件及注册人注册时填写的有效身份证件原件，到车站售票窗口办理核验。遇有姓名超长、生僻字、繁体字等情形的，仅可在车站售票窗口办理，还要提供注册手机号后4位或注册邮箱前3位。,乘车/进站
港澳居民来往内地通行证、台湾居民来往大陆通行证、中国护照和外国护照的注册用户和乘车人为“未通过”状态，如何办理核验？,注册用户、乘车人的身份信息经过核验但未通过，需修改本网站所填写的身份信息内容与身份证件原件完全一致，保存后状态显示“待核验”时，参见“7.港澳居民来往内地通行证、台湾居民来往大陆通行证、中国护照和外国护照的注册用户和乘车人为“待核验”状态，怎么办？”步骤到车站售票窗口办理核验。,乘车/进站
凭公安部门出具的临时身份证明能否在车站窗口办理身份核验？,不可以。,证件/实名制
可以委托他人办理身份信息核验吗？核验时需携带哪些证件？,“待核验”、“未通过”的注册用户或乘车人可委托他人到车站售票窗口办理身份信息核验。办理时，需同时携带代办人和委托人（核验乘车人信息时还应携带注册人注册时）的有效身份证件原件。,证件/实名制
遇有姓名超长、生僻字、繁体字如何在网站上输入？,在本网站上输入用户姓名时，请按其有效身份证件原件上的姓名准确填写，遇有下列情况时，按以下规则填写:确认姓名中生僻字无法输入时，可用生僻字拼音或同音字替代。输入姓名保存后，遇有系统无法正确显示的汉字，可用该汉字的拼音或同音字重新修改后保存。姓名中有繁体字无法输入时，可用简体替代。姓名较长，汉字与英文字符合计超过30个（1个汉字算2个字符）的，需按姓名中第一个汉字或英文字符开始按顺序连续输入30个字符（空格字符不输入），其中英文字符输入时不区别大小写。姓名中有“.”或“·”时，请仔细辨析身份证件原件上的“.”或“·”，准确输入。中国护照用户请按姓名顺序填写中文姓名。外国护照用户请按姓名顺序填写证件上的英文姓名。,12306平台
注册用户为居民身份证、港澳居民居住证、台湾居民居住证、外国人永久居留身份证的用户如何添加、删除乘车人？,“已通过”注册用户均可在本网站正常添加持居民身份证、港澳居民居住证、台湾居民居住证、外国人永久居留身份证、港澳居民来往内地通行证、台湾居民来往大陆通行证、中国护照和外国护照的乘车人，添加乘车人时状态为“待核验”的不能超过5人。 “待核验”、“未通过”注册用户不能添加乘车人。“已通过”、“预通过”的乘车人在30天内不能删除。,证件/实名制
注册用户为中国护照和外国护照、港澳居民来往内地通行证、台湾居民来往大陆通行证的用户能否添加居民身份证、港澳居民居住证、台湾居民居住证、外国人永久居留身份证的乘车人？,不能。,证件/实名制
乘车人有数量限制吗？,注册用户名下的“已通过”、“未通过”、“待核验”乘车人累计正常不超过30人（上限人数会根据春运、暑运具体情况进行调整）。,乘车/进站
乘车人数量超限，能否添加？,不能。,乘车/进站
注册用户为居民身份证、港澳居民居住证、台湾居民居住证、外国人永久居留身份证的用户如何在网站上购票、退票、改签？,网上购票：“已通过”注册用户可为“已通过”乘车人购票。“未通过”和“待核验”注册用户和乘车人不可购票。网上退票：注册用户均可为已购车票正常办理网上退票。网上改签： 注册用户可为“已通过”的乘车人办理网上改签。,证件/实名制
乘车人为居民身份证、港澳居民居住证、台湾居民居住证、外国人永久居留身份证的用户如何在车站办理换票、退票、改签？,“已通过”乘车人的所购车票，均可在车站售票窗口换票、改签、退票，在铁路运输企业授权的铁路代售点换票。“已通过”乘车人，姓名、证件号码与本网站填写完全一致的，所购车票可凭有效身份证件原件在自动售（取）票机换票。“已通过”乘车人，遇有姓名超长、生僻字、繁体字等情形的，所购车票应到车站售票窗口凭有效身份证件原件和订单号码办理换票、改签或退票。,证件/实名制
注册用户为港澳居民来往内地通行证、台湾居民来往大陆通行证、中国护照和外国护照的用户如何在网站上购票、退票、改签？,网上购票：“已通过”注册用户可为“已通过”乘车人购票。“未通过”和“待核验”注册用户和乘车人不可购票。网上退票：注册用户均可为已购车票正常办理网上退票。网上购票：网上改签：注册用户可为“已通过”的乘车人办理网上改签。,购票方式
乘车人为港澳居民来往内地通行证、台湾居民来往大陆通行证、中国护照和外国护照的用户如何在车站办理换票、退票、改签？,“已通过”乘车人的所购车票，可在车站售票窗口换票、改签、退票，在铁路运输企业授权的铁路代售点换票。“已通过”乘车人，姓名、证件号码与本网站填写完全一致的，所购车票可凭身份证件原件在具备自动识读港澳居民来往内地通行证、台湾居民来往大陆通行证、中国护照和外国护照条件的自动售（取）票机换票。“已通过”乘车人，遇有姓名超长、生僻字、繁体字等情形的，所购车票需到车站售票窗口凭身份证件原件和订单号码办理换票、改签或退票。,退票/改签
需购买儿童优惠票时，怎么办？,需在网站www.12306.cn购买儿童优惠票时，儿童有有效身份证件的，可添加为乘车人（儿童有效身份证件为居民身份证、港澳居民居住证、台湾居民居住证、外国人永久居留身份证），仅持居民身份证注册用户可将该儿童添加为乘车人），身份信息核验状态为“已通过”的儿童方可购票。,购票方式
铁路互联网购票身份信息核验包括哪些证件？,铁路互联网购票身份信息核验包括在有效期内的居民身份证、港澳居民居住证、台湾居民居住证、外国人永久居留身份证，按规定可以使用的有效中国护照和外国护照、港澳居民来往内地通行证和台湾居民来往大陆通行证。,证件/实名制
办理车站核验身份信息时，居民身份证、港澳居民居住证、台湾居民居住证、外国人永久居留身份证无法通过自动识读设备自动读取时，怎么办？,持居民身份证、港澳居民居住证、台湾居民居住证、外国人永久居留身份证用户在车站售票窗口办理身份信息核验时，居民身份证不能通过自动识读设备自动读取的，不予办理，需到发证机关换证后再予办理。,证件/实名制
在12306.cn网站购票是否需要注册？注册需要填写哪些信息？,12306.cn网站对注册用户提供购票服务。在12306.cn网站购票前，请先办理用户注册。注册时，请填写基本信息（用户名、密码为必填项）、详细信息（请填写真实姓名、证件类型和证件号码）、联系信息（请填写手机号码和优惠（待）类型）。,购票方式
在12306.cn网站注册时，可以使用哪些有效身份证件？,通过12306网站购票时，可以使用的有效身份证件包括：中华人民共和国居民身份证（含中华人民共和国临时居民身份证），中华人民共和国护照；中华人民共和国港澳居民居住证，中华人民共和国台湾居民居住证，港澳居民来往内地通行证，台湾居民来往大陆通行证；外国人永久居留身份证，外国人护照。,证件/实名制
姓名有生僻字、繁体字、字符或标点时，如何录入身份信息购票？,在本网站上输入用户姓名时，请按其有效身份证件原件上的姓名准确填写，遇有下列情况时，按以下规则填写:确认姓名中生僻字无法输入时，可用生僻字拼音或同音字替代；输入姓名保存后，遇有系统无法正确显示的汉字，可用该汉字的拼音或同音字重新修改后保存；姓名中有繁体字无法输入时，可用简体替代；姓名较长，汉字与英文字符合计超过30个（1个汉字算2个字符）的，需按姓名中第一个汉字或英文字符开始按顺序连续输入30个字符（空格字符不输入），其中英文字符输入时不区别大小写。姓名中有“.”或“•”时，请仔细辨析身份证件原件上的“.”或“•”，准确输入。中国护照用户请按姓名顺序填写中文姓名。外国护照用户请按姓名顺序填写证件上的英文姓名。,证件/实名制
我的名字是中文和英文组合而成，能办理互联网购票吗？,可以。,购票方式
身份证号码中包含“X”怎么输入？,请检查您的输入法格式，将输入法中的“全角”格式改为“半角”后，再将大写字母键点亮（点击CapsLock）后输入“X”即可。,证件/实名制
注册用户时，系统提示证件号码已被注册怎么办？,注册时提示“证件号码已被注册”，如为本人注册，可尝试通过找回密码功能找回；如非本人注册，可按 App 提示在线办理，也可以持在网站注册时填写的有效身份证件原件到车站窗口注销该账号，注销后即可继续注册。,证件/实名制
填写注册信息后是否可以马上订票？,12306.cn网站通过国家身份认证权威部门对注册用户、乘车人的所填写的身份信息进行核验，结果为“已通过”的，才可以按规定订票。,其他
为什么我无法登录？,请您检查您的网络链接是否正常，如果正常，请您核对您输入的登录信息是否正确，您可能输入了错误的用户名或者密码。有时由于系统维护，可能会暂时不能登录，您可以稍后再试或者直接到车站窗口或代售点购票。,其他
12306.cn网站可购买哪些车票？,在12306.cn网站，可以购买铁路客票系统发售的全价票、儿童优惠票、学生优惠票、残疾军人票（持中华人民共和国残疾军人证、中华人民共和国伤残人民警察证、国家综合性消防救援队伍残疾人员证的人员）四种各车次、各席别的车票。,购票方式
在12306.cn网站是否可以购买返程车票？,可以。,购票方式
学生票如何资质核验和进站？,符合购买学生优惠票条件的旅客，应到车站指定售票窗口或自动售票机办理一次本人居民身份证件与学生优惠卡的核验手续（学生优惠票需每学年乘车前办理一次），通过核验手续的旅客购票后可凭居民身份证件自助办理实名制验证和进出站检票，核验手续应当在乘车前办理。铁路工作人员有权在车站和列车核对其减价优惠（待）凭证。,优惠票
我在国外可以使用12306.cn网站购票么？,只要登录12306.cn网站，就可以办理中国铁路互联网购票业务。,购票方式
在12306.cn网站购票一个身份证可以购多少张票？一笔订单是否有购票张数限制？,一张有效身份证件同一乘车日期同一车次只能购买一张车票，高铁动卧列车除外。一笔订单不能超过19张票，12306.cn网站可根据具体情况做适当限制。,证件/实名制
12306.cn网站购票是否可以任意订票？,一般情况下，12306.cn不作限制。如果注册用户购票后，当日取消订单达3次（包含无座票时取消5次计为取消1次）时，请等到次日12306.cn网站服务时间再次购票。,购票方式
我可以在12306.cn网站帮朋友买票吗？,12306.cn网站提示身份信息核验状态为“已通过”、“预通过”的注册用户均可以为自己或他人购票。登录后，请将您的朋友添加为乘车人，准确输入其姓名、有效身份证件类型和号码，12306.cn网站提示其身份信息核验状态为“已通过”、“预通过”、 持外国护照注册状态为“待核验”的，即可按12306.cn网站的相应提示操作购票。,购票方式
是不是所有车票都可在12306.cn网站查询？,在12306.cn网站，可以查询铁路客票系统发售的各车次、席别的直达票。在车票预售期内，个别车次列车运行方案可能正在调整，在未公布前，12306.cn网站不提供查询服务。请随时关注12306.cn网站公告。,12306平台
在12306.cn网站购票后，是否可以更改姓名？,12306.cn网站实行实名制售票，注册、购票时，请认真核对姓名、身份证号码等有关身份信息。根据实名制有关规定，购票后不能更改姓名。,购票方式
我在12306.cn网站购票后，发现姓名或证件号码等填写错误，怎么办？,12306.cn网站实行实名制售票，注册、购票时，请认真核对姓名、身份证号码等有关身份信息。如发现乘车人身份信息错误，请在12306.cn网站退票，并按规定收取退票费；发现日期、发站、到站、车次、席别错误的，可以按规定在12306.cn网站或铁路售票窗口办理改签、变更到站、退票。,证件/实名制
我在查询某一天车票预订信息时，没有车次可以预订，怎么回事？,可能有以下几种情形：该日车票还未开始发售，该日车票已售完，该日已过期。,其他
在12306.cn网站购票要支付票款吗？,在12306.cn网站成功申请席位后，请在网站提示的支付时间内，在线支付票款；逾期席位不保留，将释放给其他旅客使用。,购票方式
可以在12306.cn网站预订车票，到铁路售票窗口支付吗？,在12306.cn网站或手机客户端成功申请席位后，请在网站提示的支付时间内在线支付票款。目前不支持铁路售票窗口支付。,12306平台
在12306.cn网站订票成功后，在多长时间内支付可以保留席位？,购票人在12306.cn网站或手机客户端成功申请席位后，请在网站提示的支付时间内在线支付票款，逾期席位不保留，将释放给其他旅客使用。,12306平台
在12306.cn购票时，怎么付款？,目前，12306网站支持以下在线支付工具：开通工商银行、农业银行、中国银行、招商银行、建设银行、邮储银行和交通银行网银账户的用户，可以直接使用银行网银支付。开通其他银行网银账户的用户，可以使用银联网银支付。未开通网银账户的用户，可以使用银联快捷支付。用户可以使用支付宝、微信支付。同一订单请使用一个在线支付工具一次性支付。,购票方式
我怎样才能知道自己的银行卡能不能支付我的票款？,请联系你的发卡银行，确保您的银行卡已开通网上银行功能。请确认您已经安装发卡银行支付控件，部分银行卡还需U盾。请确认您的银行卡支付限额大于票款金额。,其他
在线支付安全吗？,合理正确的进行在线支付可以有效地规避风险：请仔细阅读银行的网上银行相关条款并遵照提示进行相关操作。避免在网吧等公共上网设施上使用网上银行。使用U-Key等工具进行在线支付。不要向第三方泄露卡号，密码等信息。请您认准铁路互联网售票官方网址（中国铁路客户服务中心网站：12306.cn）。,其他
在线支付需要提前做哪些准备？,请仔细发卡阅读银行的网上银行相关条款并遵照提示进行相关操作。请通过发卡银行开通网上银行功能。请确保网上支付额度授权可支持交易需要。,其他
如何开通网上银行？,请联系您的发卡银行咨询相关事宜。,其他
我的网上银行额度低于我要购买的车票价格，我能分两次付款吗？,同一订单请使用一个在线支付工具一次性支付，不能分次付款。如果您的在线支付工具余额不足，请及时存款。如果您的使用额度有限制，请联系你的发卡银行调整。,购票方式
在付款的最后阶段我该注意什么？,在付款的最后阶段，请不要点击“返回”键、“提交”键、“更新”键或关闭窗口，以免资金账户被双重扣减或资金账户付款后仍未能完成订票。,其他
我不小心关掉了在线支付工具支付页面怎么办？（或支付时断电、断网）？,请查询自己的在线支付工具账户是否扣款成功，如果扣款成功且未出票，请旅客致电客服电话12306。,其他
我在12306.cn网站购票时，扣款成功但购票不成功怎么办？,应退票款系统将尽快退回，您也可联系12306客服进行咨询。,购票方式
我在12306.cn网站购票时不小心重复支付了，重复扣的票款没有及时到账，怎么办？,应退票款系统将尽快退回，您也可联系12306客服进行咨询。,购票方式
我在12306.cn网站改签或变更到站时，扣款成功但改签或变更到站不成功，或者不小心重复支付了，款项未到账怎么办？,应退票款系统将尽快退回，您也可联系12306客服进行咨询。,退票/改签
我在12306.cn网站购票又退票后，为什么钱没有及时退还给我的银行卡？,应退票款系统将尽快退回，您也可联系12306客服进行咨询。,购票方式
订票后没有接收到通知怎么办？,请使用12306.cn网站订单查询功能及时确认订单状态，购票、改签、变更到站和退票的交易结果以订单查询结果为准。,其他
哪些渠道可以买到跨境高铁车票？,车票可通过12306网站、车站售票窗口、代售点、自动售（取）票机等方式购买。,其他
广深港跨境高铁车票预售期是多少天？,车票预售期为15天（含当天）。调整预售期时，铁路运输企业提前公告。,其他
能否用港币在内地购买跨境高铁车票？,不能。广深港高铁票价以人民币计价，旅客在内地用人民币购票，在香港地区使用港币购票。,购票方式
购买跨境高铁车票的旅客，能否不换票乘车？,旅客的乘车凭证是购票时使用的有效身份证件，可持对应的有效身份证件直接检票乘车。,购票方式
在香港西九龙站是否可以购买内地段高铁车票，有何要求和规定？,通过西九龙站港铁公司售票窗口，可以购买跨境高铁车票（即发站或到站必须是西九龙站）。通过中铁（香港）公司设在西九龙站5个售票窗口，既可以购买跨境高铁车票，也可以购买内地铁路车票。,购票方式
跨境高铁车票能否改签，有何规定？,在车票预售期内且有运输能力的前提下，旅客仅可办理一次改签手续，不办理发到站变更。办理改签应不晚于车票指定的日期、车次开车前，但发站为香港西九龙站的车票应不晚于开车前30分钟。办理改签时，改签后的车票票价高于原车票票价时，补收差额；低于原车票票价时，退还差额。,退票/改签
跨境高铁车票如何办理改签？,使用非现金支付方式购票且未换取报销凭证的，可自行登录12306网站或在车站指定售票窗口办理。使用现金支付方式购票或已换取报销凭证的，应在车站指定售票窗口办理。通过港铁公司代售点购票且未换取报销凭证的，还可在原代售点办理改签。改签后的车票不得退票。已换取报销凭证的，改签时须交回报销凭证。改签后，可换取新票的报销凭证。,退票/改签
跨境高铁车票退票，有何规定？,办理退票应不晚于车票指定的日期、车次开车前，但发站为香港西九龙站的车票应不晚于开车前30分钟。退票费核收标准：在车票开车时间前48小时内办理退票的，按车票票价的50%计算；在车票开车时间前48小时至第7天的，按车票票价的30%计算；在车票开车时间前8天及以上的，按车票票价的5%计算。退票费按元计算，不足一元的部分舍去免收。,退票/改签
跨境高铁车票如何办理退票？,使用非现金支付方式购票且未换取报销凭证的，可自行登录12306网站或在车站指定售票窗口办理，车票退票款按原支付方式退回。使用现金支付方式购票或已换取报销凭证的，应在车站指定售票窗口办理退票；也可先行登录12306网站办理退票手续，并自办理之日起180日内，持购票时所使用的乘车人身份证件原件，到车站指定窗口办理退款手续。通过港铁公司代售点购票且未换取报销凭证的，还可在原代售点办理退票。已换取报销凭证的，退票时须交回报销凭证。,退票/改签
跨境高铁车票能否办理变更到站？,不可以,退票/改签
乘坐跨境高铁列车能否变更席位？,可以。旅客在车内要求变更席别时，变更后的席别票价高于原票价时，核收票价差额；低于原票价时，票价差额不予退还。,退票/改签
乘坐跨境高铁列车是否可以越站，有何规定？,旅客没有在到达其有效车票上所记载的到站前提出越过原到站继续乘车的，按无票处理；到站前提出的按以下规定办理：列车不办理至香港西九龙站的越站；旅客自行越站乘车至香港西九龙站，由香港西九龙站按无票处理。香港西九龙站出发的旅客，其越站区间涉及广深港线路的，补收自车票发站至正当到站应收票价与已收票价的差额；越站区间未涉及广深港线路的，补收越站区间票价。,其他
儿童购买跨境车票有哪些规定？,(一）每一名持票成年人旅客可免费携带一名未满6周岁且不单独占用席位的儿童乘车，超过一名时，超过人数应购买儿童票。免费乘车的儿童单独使用席位时，应购买儿童票。（二）成年人旅客携带免费乘车儿童乘车，应当在购票时向铁路运输企业提前申明，购票申明时使用的免费乘车儿童有效身份证件为其乘车凭证。（三）免费乘车儿童及符合儿童票使用条件的儿童应随同成年人乘车。（四）儿童票的乘车日期、车次及席别应与同行成年人所持车票相同，其到站不得远于成年人车票的到站。（五）儿童票二等座、一等座按照相应列车席别全价执行票价的50％计算；特等座、商务座按照相应列车席别全价执行票价的80％计算；动卧票按照相应列车席别全价执行票价的70％计算；票价尾数按照四舍五入保留至元。全价执行票价不低于公布票价的40％时，儿童票票价最低为相应列车席别公布票价的40％；全价执行票价低于公布票价的40％时，儿童票票价按全价执行票价执行。,购票方式
跨境旅客购买学生车票有哪些规定？,（一）在内地大专院校就读的学生、研究生，凭附有加盖院校公章的减价优待证的学生证和火车票学生优惠卡（新生凭录取通知书、毕业生凭学校书面证明可购买一次学生票），可购买家庭居住地至学校所在地（实习地点）的跨境学生票。（二）每学年（10月1日至次年9月30日）仅限购买四次单程学生票，当学年未使用的次数不能留作下学年使用。（三）学生票应以相对近径路或合理径路发售。在学生证优惠乘车区间内购买联程车票时，扣减一次优惠乘车次数。（四）学生票只发售二等座、一等座和动卧票，按照相应列车席别全价执行票价的75％计算；票价尾数按照四舍五入保留至元。全价执行票价不低于公布票价的40％时，学生票票价最低为相应列车席别公布票价的40％；全价执行票价低于公布票价的40％时，学生票票价按全价执行票价执行。（五）超过减价优惠乘车区间的，不发售学生优惠票。（六）学生证的减价优惠区间更改时，应重新加盖院校公章，并修改火车票学生优惠卡内相关信息。,购票方式
跨境旅客购买残疾军人车票有哪些规定？,残疾军人票：持有中华人民共和国有关部门颁发的《中华人民共和国残疾军人证》、《中华人民共和国伤残人民警察证》、《国家综合性消防救援队伍残疾人员证》人员购买的减价（特惠）车票。残疾军人票按照相应列车席别全价执行票价的50％计算；票价尾数按照四舍五入保留至元。全价执行票价不低于公布票价的40％时，残疾军人票票价最低为相应列车席别公布票价的40％；全价执行票价低于公布票价的40％时，残疾军人票票价按全价执行票价执行。,购票方式
乘坐跨境高铁列车，携带品有何规定？,（一）旅客携带品由自己负责看管，并妥善放置携带品，不得影响公共空间使用和安全。（二）每位旅客携带品重量和体积：成年人20千克；儿童（含免费乘车儿童）10千克；外交人员35千克。每件物品外部尺寸长、宽、高之和不超过130厘米。不办理行李、包裹托运。使用行动辅助设备的老人、幼童、病人、残疾人士、孕妇等旅客旅行时代步的折叠式轮椅，以及随行婴儿使用的折叠婴儿车，可免费携带并不计入上述范围。,携带品
乘坐跨境高铁列车，携带导盲犬有何规定？,旅客可携带导盲犬进站乘车，犬只应系上牵引链，佩戴导盲鞍，接受安全检查。旅客应出示购票时所使用的有效身份证件、残疾人证、导盲犬工作证（载有导盲犬使用者信息，盖有内地公安部门或中国残疾人联合会公章，或带有国际导盲犬联盟标识“IGDF”，或双方铁路运输企业认可并公布的证件）、动物健康免疫证明。旅客携带导盲犬须符合内地与香港进出口检疫规定和相关铁路规定，并保证其他旅客的安全和车内的清洁卫生；导盲犬的照料、喂养和所需饲料，均由携带人自理；导盲犬对铁路或第三者造成损害时，由携带人负责赔偿。,携带品
乘坐跨境高铁列车，能否携带自行车、带有自动力的轮式代步工具及平衡车？,下列物品禁止、限制带入车内：未使用纸箱等硬质包装物妥善包装完整的自行车、带有自动力的轮式代步工具（电动轮椅除外）、平衡车。除轮椅外，旅客携带的轮式交通工具不得在车站、列车内使用。旅客在站台和车上使用轮椅时，应采取人力助力形式，不得使用自动力。,携带品
因铁路责任或自然灾害导致旅客持高等级席位跨境高铁车票乘坐低等级席位时如何处理？,铁路运输企业利用其他列车将旅客运送至到站时，旅客票款不予退还。但重新安排的列车等级、席别高于旅客原票列车等级、席别时，票价差额不再补收；低于旅客原票列车等级、席别时，退还变更区间票价差额。,其他
跨境高铁列车能否中途下车并恢复旅行？,车票当日当次有效，旅客应按照有效车票载明的日期、车次、车厢号、席位号乘坐；旅客提前或延后乘车应在规定时间内办理改签，未改签乘车按无票处理；中途下车未乘区间失效。,其他
持跨境高铁车票旅客因伤、病中途下车如何处理？,旅客开始旅行后不能退票。但旅客伤、病要求中途下车时，由列车长编制客运记录交旅客下车站，退还已收票价与已乘区间票价差额，并收取应退票款50%的退票费。同行人同样办理。,其他
误乘了跨境列车怎么办？,发生误乘、误降时，旅客应向站车工作人员提出。列车长应编制客运记录交前方停车站。车站应开具客运记录指定最近列车免费送至正当到站。免费送回区段，旅客只可乘坐二等座车厢，不得中途下车。如中途下车，对往返乘车的免费区间，按返程列车等级席别核收票价。旅客如在香港西九龙站到站后超过10分钟声称误乘、误降，均按无票处理。,其他
在香港西九龙站无法完成出入境手续怎么办？,旅客无法完成内地出境或香港入境手续时，由车站工作人员协助旅客乘坐就近列车返回内地车站，可在香港西九龙站购票或在返程列车办理补票。旅客自行在12306网站购票的，站车工作人员应予以核查、确认。旅客无法完成香港出境或内地入境手续时，未使用的车票按《广深港高速铁路跨境旅客运输组织规则》相关规定办理。,其他
在香港西九龙站如发现跨境持无效车票或无票乘车时，有哪些处理规定？,旅客有下列行为时，铁路运输企业按以下规定办理并有权登记其身份信息。（一）无票、持用无效车票乘车时，补收自乘车站（不能判明时自始发站）起至到站止车票票价，加收已乘区间应补票价50％的票款。（二）应买儿童票的旅客如未买票，补收儿童票价；年满14周岁的未成年人持儿童票乘车时，应补收儿童票与成年人票票价差额。成年人持儿童票乘车根据本条第（一）项按无票处理。（三）持用低等级车票乘坐高等级席别时，除按规定补收所乘区间的票价差额外，还须加收已乘区间应补票价50%的票款。（四）持减价（特惠）车票乘车但不符合减价（特惠）车票使用条件的，补收应收票价与减价（特惠）票价差额，加收已乘区间应补票价50％的票款。（五）在香港西九龙站发现上述（一）至（四）情形的，按《香港铁路附例》收取附加费，广深港线路各站至香港西九龙站的车票，附加费为1500港元；其他线路各站至香港西九龙站的车票，附加费为3000港元；不能判明时按其他线路各站至香港西九龙站计算。,乘车/进站
因铁路责任、自然灾害影响铁路运营导致运输中断，列车全程停运、中途停运、中途折返、绕道运输时如何处理？,因铁路责任、自然灾害等影响铁路运营导致运输中断，列车全程停运、中途停运、中途折返、绕道运输时，在30天内按以下规定处理。在发站。旅客要求退票时，退还全部票款。铁路运输企业利用其他列车或安排原列车折返发站时，退还全部票款。（二）旅客在中途站中止旅行时，如乘坐的是终到香港西九龙站的列车，铁路运输企业退还未乘区间票价；如乘坐的是香港西九龙站的始发列车，铁路运输企业退还已收票价与已乘区间票价的差额。但因违规加收的部分和已使用至到站的车票不退。（三）在到站，铁路运输企业利用其他列车将旅客运送至到站时，旅客票款不予退还。但重新安排的列车等级、席别高于旅客原票列车等级、席别时，票价差额不再补收；低于旅客原票列车等级、席别时，退还变更区间票价差额。（四）旅客在停运列车车票发站开车当日（含）前购买的联程车票，可一并办理退票，不收退票费。旅客分别办理联程车票退票的，按《广深港高速铁路跨境旅客运输组织规则》第十三条相关规定处理。,其他
在车站、列车上发生人身伤害时怎么办？,应立即通知车站客运人员或列车乘务人员。在列车上发生旅客人身伤害时，由列车长交车站处理；旅客不同意在指定的停车站下车处理时，须填写并签署免责同意书。旅客可于发生人身伤害次日起一年内向铁路运输企业提出赔偿请求。铁路运输企业接到赔偿请求后应尽快答复赔偿要求人。,其他
